policy,cost_bp,net_return,log_return,sharpe,turnover,mean_abs_exposure,frac_long,frac_short
buy_and_hold,0,-0.2239447245872353,-0.25353153013372354,-0.4746050997164988,0.00010001000100010072,1.0,1.0,0.0
sign_forecast,0,5.694835230513687,1.901336368013352,3.5623516779955815,0.28298380854824834,0.9998095660483892,0.49544954495449545,0.5045504550455046
flat,0,0.0,0.0,0.0,0.0,0.0,0.0,0.0
buy_and_hold,1,-0.22402220427063266,-0.25363137295911475,-0.4747923251547322,0.00010002997055697625,1.0000000099857795,1.0,0.0
sign_forecast,1,4.051919903893061,1.619768350026273,3.0345867710200234,0.2830294872875966,0.9998377221002882,0.49544954495449545,0.5045504550455046
flat,1,0.0,0.0,0.0,0.0,0.0,0.0,0.0
buy_and_hold,5,-0.22433227842910736,-0.2540310443520264,-0.4755416009489786,0.00010010988867425529,1.000000049968884,1.0,0.0
sign_forecast,5,0.6365414129364768,0.4925851204357202,0.9208196243540733,0.2832131153201718,0.999950493113707,0.49544954495449545,0.5045504550455046
flat,5,0.0,0.0,0.0,0.0,0.0,0.0,0.0
buy_and_hold,10,-0.22472022118314686,-0.25453130985041783,-0.4764790371400369,0.00010020987616367822,1.00000010003787,1.0,0.0
sign_forecast,10,-0.6008743180072535,-0.9184789192289604,-1.7050178544516266,0.2834457702657432,1.000091791100817,0.49544954495449545,0.5045504550455046
flat,10,0.0,0.0,0.0,0.0,0.0,0.0,0.0
