run_id,arm,cost_bp,seed,timestep,episode_log_return
forecast_c1_s0,forecast,1,0,10000,-0.05841017158657883
forecast_c1_s0,forecast,1,0,20000,-0.05461554354782525
forecast_c1_s0,forecast,1,0,30000,0.02083977975720472
forecast_c1_s0,forecast,1,0,40000,0.04875196968687399
forecast_c1_s0,forecast,1,0,50000,0.0796610460881346
forecast_c1_s0,forecast,1,0,60000,0.051081111463345666
forecast_c1_s0,forecast,1,0,70000,0.08280702006872467
forecast_c1_s0,forecast,1,0,80000,0.10018196204432328
forecast_c1_s0,forecast,1,0,90000,0.11987349539239141
forecast_c1_s0,forecast,1,0,100000,0.04858768937512572
forecast_c1_s0,forecast,1,0,110000,0.07028075881288859
forecast_c1_s0,forecast,1,0,120000,0.08019864054713757
forecast_c1_s0,forecast,1,0,130000,0.06942535131957632
forecast_c1_s0,forecast,1,0,140000,0.14748199339706317
forecast_c1_s0,forecast,1,0,150000,0.08566342029139618
forecast_c1_s0,forecast,1,0,160000,0.11693540101507313
forecast_c1_s0,forecast,1,0,170000,0.11131853636319537
forecast_c1_s0,forecast,1,0,180000,0.021882156205707524
forecast_c1_s0,forecast,1,0,190000,0.06992327927910966
forecast_c1_s0,forecast,1,0,200000,0.11734530293445937
forecast_c1_s0,forecast,1,0,210000,0.04911734596616545
forecast_c1_s0,forecast,1,0,220000,0.1431531843571884
forecast_c1_s0,forecast,1,0,230000,0.09988264450189287
forecast_c1_s0,forecast,1,0,240000,0.14028971851460853
forecast_c1_s0,forecast,1,0,250000,0.10531943133108834
forecast_c1_s0,forecast,1,0,260000,0.17352769052852302
forecast_c1_s0,forecast,1,0,270000,0.15146088808291008
forecast_c1_s0,forecast,1,0,280000,0.0748419705720724
forecast_c1_s0,forecast,1,0,290000,0.09998987999830249
forecast_c1_s0,forecast,1,0,300000,0.05389942075674126
forecast_c1_s0,forecast,1,0,310000,0.03346124288459653
forecast_c0_s1,forecast,0,1,10000,0.010573725943060002
forecast_c0_s1,forecast,0,1,20000,0.026717576879531857
forecast_c0_s1,forecast,0,1,30000,0.05125476952244499
forecast_c0_s1,forecast,0,1,40000,0.060812772444315356
forecast_c0_s1,forecast,0,1,50000,0.0666202376144513
forecast_c0_s1,forecast,0,1,60000,0.0855898281027219
forecast_c0_s1,forecast,0,1,70000,0.04490226090157188
forecast_c0_s1,forecast,0,1,80000,0.07478744986154104
forecast_c0_s1,forecast,0,1,90000,0.08365030528253278
forecast_c0_s1,forecast,0,1,100000,0.14265591715127215
forecast_c0_s1,forecast,0,1,110000,0.12326999671367181
forecast_c0_s1,forecast,0,1,120000,0.13749362684543098
forecast_c0_s1,forecast,0,1,130000,0.07475174724857342
forecast_c0_s1,forecast,0,1,140000,0.12573067404565225
forecast_c0_s1,forecast,0,1,150000,0.15273528759495156
forecast_c0_s1,forecast,0,1,160000,0.10272891974676801
forecast_c0_s1,forecast,0,1,170000,0.11235609772201638
forecast_c0_s1,forecast,0,1,180000,0.1540088210126637
forecast_c0_s1,forecast,0,1,190000,0.14411435269883593
forecast_c0_s1,forecast,0,1,200000,0.09817910637681976
forecast_c0_s1,forecast,0,1,210000,0.13997195675473298
forecast_c0_s1,forecast,0,1,220000,0.14717981212009343
forecast_c0_s1,forecast,0,1,230000,0.08753113090290887
forecast_c0_s1,forecast,0,1,240000,0.08191356762810845
forecast_c0_s1,forecast,0,1,250000,0.14473679467292663
forecast_c0_s1,forecast,0,1,260000,0.10165646632703697
forecast_c0_s1,forecast,0,1,270000,0.14079282481259797
forecast_c0_s1,forecast,0,1,280000,0.12226225947926853
forecast_c0_s1,forecast,0,1,290000,0.09163190159021564
forecast_c0_s1,forecast,0,1,300000,0.11631460701664371
forecast_c0_s1,forecast,0,1,310000,0.07773766666516786
forecast_c0_s2,forecast,0,2,10000,0.012368955499302264
forecast_c0_s2,forecast,0,2,20000,0.0014483919240974835
forecast_c0_s2,forecast,0,2,30000,0.044634397467815834
forecast_c0_s2,forecast,0,2,40000,0.03971933161145241
forecast_c0_s2,forecast,0,2,50000,0.09905867761220888
forecast_c0_s2,forecast,0,2,60000,0.10711219196009607
forecast_c0_s2,forecast,0,2,70000,0.1272721547885963
forecast_c0_s2,forecast,0,2,80000,0.08319741282893858
forecast_c0_s2,forecast,0,2,90000,0.11049176893252144
forecast_c0_s2,forecast,0,2,100000,0.1228903690472892
forecast_c0_s2,forecast,0,2,110000,0.08664960133734234
forecast_c0_s2,forecast,0,2,120000,0.1114998531481122
forecast_c0_s2,forecast,0,2,130000,0.1247324651199916
forecast_c0_s2,forecast,0,2,140000,0.15469987014131664
forecast_c0_s2,forecast,0,2,150000,0.11005537512419722
forecast_c0_s2,forecast,0,2,160000,0.14202469772006257
forecast_c0_s2,forecast,0,2,170000,0.06528797244447404
forecast_c0_s2,forecast,0,2,180000,0.11032199820801172
forecast_c0_s2,forecast,0,2,190000,0.09950434804503465
forecast_c0_s2,forecast,0,2,200000,0.10783548712907615
forecast_c0_s2,forecast,0,2,210000,0.09988827395560801
forecast_c0_s2,forecast,0,2,220000,0.046424163446377995
forecast_c0_s2,forecast,0,2,230000,0.08704226507260002
forecast_c0_s2,forecast,0,2,240000,0.15036769230447863
forecast_c0_s2,forecast,0,2,250000,0.10409741368813145
forecast_c0_s2,forecast,0,2,260000,0.11222331967512805
forecast_c0_s2,forecast,0,2,270000,0.07469156760278317
forecast_c0_s2,forecast,0,2,280000,0.15490423705298884
forecast_c0_s2,forecast,0,2,290000,0.12015619135995996
forecast_c0_s2,forecast,0,2,300000,0.14876510011453242
forecast_c0_s2,forecast,0,2,310000,0.11673233988344532
forecast_c0_s0,forecast,0,0,10000,-0.016386756831326364
forecast_c0_s0,forecast,0,0,20000,-0.0117220229237628
forecast_c0_s0,forecast,0,0,30000,0.0346804944586309
forecast_c0_s0,forecast,0,0,40000,0.07817519466092378
forecast_c0_s0,forecast,0,0,50000,0.08049757975291823
forecast_c0_s0,forecast,0,0,60000,0.08995792014857261
forecast_c0_s0,forecast,0,0,70000,0.10012828101953401
forecast_c0_s0,forecast,0,0,80000,0.11332340132735075
forecast_c0_s0,forecast,0,0,90000,0.08698202941367787
forecast_c0_s0,forecast,0,0,100000,0.08824986058334287
forecast_c0_s0,forecast,0,0,110000,0.09802002522312922
forecast_c0_s0,forecast,0,0,120000,0.0932725742583491
forecast_c0_s0,forecast,0,0,130000,0.10340555952599857
forecast_c0_s0,forecast,0,0,140000,0.13863681538518727
forecast_c0_s0,forecast,0,0,150000,0.0967763392858312
forecast_c0_s0,forecast,0,0,160000,0.15125295229746688
forecast_c0_s0,forecast,0,0,170000,0.12776338919412497
forecast_c0_s0,forecast,0,0,180000,0.05573327611232013
forecast_c0_s0,forecast,0,0,190000,0.08654400615161127
forecast_c0_s0,forecast,0,0,200000,0.13069093208313784
forecast_c0_s0,forecast,0,0,210000,0.0637075534292111
forecast_c0_s0,forecast,0,0,220000,0.1373772758547018
forecast_c0_s0,forecast,0,0,230000,0.09157602208102238
forecast_c0_s0,forecast,0,0,240000,0.13042439337692247
forecast_c0_s0,forecast,0,0,250000,0.12974434951539413
forecast_c0_s0,forecast,0,0,260000,0.17550954962060078
forecast_c0_s0,forecast,0,0,270000,0.15134827577867477
forecast_c0_s0,forecast,0,0,280000,0.12216935561860277
forecast_c0_s0,forecast,0,0,290000,0.11531652076697947
forecast_c0_s0,forecast,0,0,300000,0.05959627252418084
forecast_c0_s0,forecast,0,0,310000,0.09701254902397254
forecast_c0_s3,forecast,0,3,10000,-0.011081996015275555
forecast_c0_s3,forecast,0,3,20000,0.06827937320982311
forecast_c0_s3,forecast,0,3,30000,0.030659872768042086
forecast_c0_s3,forecast,0,3,40000,0.06260339270259771
forecast_c0_s3,forecast,0,3,50000,0.08203146879056566
forecast_c0_s3,forecast,0,3,60000,0.06675739603796169
forecast_c0_s3,forecast,0,3,70000,0.05074229073348543
forecast_c0_s3,forecast,0,3,80000,0.09049338385867009
forecast_c0_s3,forecast,0,3,90000,0.07714906048268673
forecast_c0_s3,forecast,0,3,100000,0.06552018278793119
forecast_c0_s3,forecast,0,3,110000,0.11894716050147523
forecast_c0_s3,forecast,0,3,120000,0.09721885290825236
forecast_c0_s3,forecast,0,3,130000,0.12939226930649317
forecast_c0_s3,forecast,0,3,140000,0.0961664139696858
forecast_c0_s3,forecast,0,3,150000,0.12898728798811585
forecast_c0_s3,forecast,0,3,160000,0.0959974824811925
forecast_c0_s3,forecast,0,3,170000,0.08930346666927594
forecast_c0_s3,forecast,0,3,180000,0.06548209824184577
forecast_c0_s3,forecast,0,3,190000,0.12994004424286648
forecast_c0_s3,forecast,0,3,200000,0.1260576492458199
forecast_c0_s3,forecast,0,3,210000,0.12232984437105857
forecast_c0_s3,forecast,0,3,220000,0.11486985754515261
forecast_c0_s3,forecast,0,3,230000,0.10292400185498458
forecast_c0_s3,forecast,0,3,240000,0.12239770973238084
forecast_c0_s3,forecast,0,3,250000,0.13417509722325402
forecast_c0_s3,forecast,0,3,260000,0.10911355962198536
forecast_c0_s3,forecast,0,3,270000,0.06718259245706949
forecast_c0_s3,forecast,0,3,280000,0.1435629792516396
forecast_c0_s3,forecast,0,3,290000,0.14214825808331882
forecast_c0_s3,forecast,0,3,300000,0.10856711948614169
forecast_c0_s3,forecast,0,3,310000,0.12323161732419925
forecast_c0_s4,forecast,0,4,10000,0.024064500560579127
forecast_c0_s4,forecast,0,4,20000,0.00396152250520709
forecast_c0_s4,forecast,0,4,30000,0.03286061878325368
forecast_c0_s4,forecast,0,4,40000,0.06438823122186582
forecast_c0_s4,forecast,0,4,50000,0.07549086599370163
forecast_c0_s4,forecast,0,4,60000,0.07571835322248575
forecast_c0_s4,forecast,0,4,70000,0.0990227758223535
forecast_c0_s4,forecast,0,4,80000,0.08219561913250446
forecast_c0_s4,forecast,0,4,90000,0.09775145108345942
forecast_c0_s4,forecast,0,4,100000,0.06657214334339553
forecast_c0_s4,forecast,0,4,110000,0.15072770554826104
forecast_c0_s4,forecast,0,4,120000,0.09931875236791295
forecast_c0_s4,forecast,0,4,130000,0.1408452401290218
forecast_c0_s4,forecast,0,4,140000,0.11103737559704656
forecast_c0_s4,forecast,0,4,150000,0.1006282812573069
forecast_c0_s4,forecast,0,4,160000,0.09925131706203785
forecast_c0_s4,forecast,0,4,170000,0.10083133315957937
forecast_c0_s4,forecast,0,4,180000,0.10869334255722544
forecast_c0_s4,forecast,0,4,190000,0.059762074271219545
forecast_c0_s4,forecast,0,4,200000,0.09009665793006849
forecast_c0_s4,forecast,0,4,210000,0.10833822504628557
forecast_c0_s4,forecast,0,4,220000,0.0900635031576249
forecast_c0_s4,forecast,0,4,230000,0.08415575772320563
forecast_c0_s4,forecast,0,4,240000,0.09807738689706169
forecast_c0_s4,forecast,0,4,250000,0.10355094804161516
forecast_c0_s4,forecast,0,4,260000,0.11779013839451706
forecast_c0_s4,forecast,0,4,270000,0.09747228604860547
forecast_c0_s4,forecast,0,4,280000,0.07996255037756059
forecast_c0_s4,forecast,0,4,290000,0.09443060553643752
forecast_c0_s4,forecast,0,4,300000,0.13225913786664079
forecast_c0_s4,forecast,0,4,310000,0.127286448816561
forecast_c1_s1,forecast,1,1,10000,-0.03524564893874081
forecast_c1_s1,forecast,1,1,20000,-0.00851237891803687
forecast_c1_s1,forecast,1,1,30000,0.022775233275795014
forecast_c1_s1,forecast,1,1,40000,0.0394987970043031
forecast_c1_s1,forecast,1,1,50000,0.029858663730248286
forecast_c1_s1,forecast,1,1,60000,0.04601599820247968
forecast_c1_s1,forecast,1,1,70000,0.037121686055637565
forecast_c1_s1,forecast,1,1,80000,0.08503282073738692
forecast_c1_s1,forecast,1,1,90000,0.07854839055687583
forecast_c1_s1,forecast,1,1,100000,0.13496060276019345
forecast_c1_s1,forecast,1,1,110000,0.13094860436347808
forecast_c1_s1,forecast,1,1,120000,0.1475563627815396
forecast_c1_s1,forecast,1,1,130000,0.07100325345427329
forecast_c1_s1,forecast,1,1,140000,0.09797420103328201
forecast_c1_s1,forecast,1,1,150000,0.137645709919271
forecast_c1_s1,forecast,1,1,160000,0.09698810195886637
forecast_c1_s1,forecast,1,1,170000,0.10295425167370922
forecast_c1_s1,forecast,1,1,180000,0.1251662688891126
forecast_c1_s1,forecast,1,1,190000,0.1535590421416893
forecast_c1_s1,forecast,1,1,200000,0.09994274032425482
forecast_c1_s1,forecast,1,1,210000,0.11417149309622572
forecast_c1_s1,forecast,1,1,220000,0.15858409794623676
forecast_c1_s1,forecast,1,1,230000,0.08143332961991856
forecast_c1_s1,forecast,1,1,240000,0.06609460984876925
forecast_c1_s1,forecast,1,1,250000,0.15053717862322252
forecast_c1_s1,forecast,1,1,260000,0.08890154896158471
forecast_c1_s1,forecast,1,1,270000,0.1232927121897682
forecast_c1_s1,forecast,1,1,280000,0.09537286656421244
forecast_c1_s1,forecast,1,1,290000,0.07056422634458251
forecast_c1_s1,forecast,1,1,300000,0.10721306903189366
forecast_c1_s1,forecast,1,1,310000,0.06183368569678275
forecast_c1_s3,forecast,1,3,10000,-0.048374843401709375
forecast_c1_s3,forecast,1,3,20000,0.04017123177239577
forecast_c1_s3,forecast,1,3,30000,-0.012725597479454523
forecast_c1_s3,forecast,1,3,40000,0.024160117252015834
forecast_c1_s3,forecast,1,3,50000,0.08215757114987692
forecast_c1_s3,forecast,1,3,60000,0.03313108090967019
forecast_c1_s3,forecast,1,3,70000,0.03733550774985242
forecast_c1_s3,forecast,1,3,80000,0.07013243281881407
forecast_c1_s3,forecast,1,3,90000,0.07511153941500011
forecast_c1_s3,forecast,1,3,100000,0.06688158391476198
forecast_c1_s3,forecast,1,3,110000,0.08866108711444322
forecast_c1_s3,forecast,1,3,120000,0.07811784164941446
forecast_c1_s3,forecast,1,3,130000,0.11315355562625895
forecast_c1_s3,forecast,1,3,140000,0.06085772414303185
forecast_c1_s3,forecast,1,3,150000,0.11408991049084852
forecast_c1_s3,forecast,1,3,160000,0.08596936911918757
forecast_c1_s3,forecast,1,3,170000,0.08059951402071894
forecast_c1_s3,forecast,1,3,180000,0.05048410820042559
forecast_c1_s3,forecast,1,3,190000,0.09891077457844673
forecast_c1_s3,forecast,1,3,200000,0.10447942896851645
forecast_c1_s3,forecast,1,3,210000,0.0846075548841466
forecast_c1_s3,forecast,1,3,220000,0.1033960935865923
forecast_c1_s3,forecast,1,3,230000,0.10063771942891223
forecast_c1_s3,forecast,1,3,240000,0.12529230214157167
forecast_c1_s3,forecast,1,3,250000,0.10918289542742657
forecast_c1_s3,forecast,1,3,260000,0.12768542121367457
forecast_c1_s3,forecast,1,3,270000,0.055182176206189607
forecast_c1_s3,forecast,1,3,280000,0.13045041091622336
forecast_c1_s3,forecast,1,3,290000,0.12514100827303168
forecast_c1_s3,forecast,1,3,300000,0.08656072813487066
forecast_c1_s3,forecast,1,3,310000,0.08635860894991682
forecast_c1_s4,forecast,1,4,10000,-0.02385183703803015
forecast_c1_s4,forecast,1,4,20000,-0.01746720183864798
forecast_c1_s4,forecast,1,4,30000,0.018363178795038924
forecast_c1_s4,forecast,1,4,40000,0.040431188403738674
forecast_c1_s4,forecast,1,4,50000,0.06542416832693398
forecast_c1_s4,forecast,1,4,60000,0.03851275082018152
forecast_c1_s4,forecast,1,4,70000,0.0694580404084929
forecast_c1_s4,forecast,1,4,80000,0.04380252328309646
forecast_c1_s4,forecast,1,4,90000,0.08413123555211678
forecast_c1_s4,forecast,1,4,100000,0.06147096693025901
forecast_c1_s4,forecast,1,4,110000,0.130938891285286
forecast_c1_s4,forecast,1,4,120000,0.0891920970942562
forecast_c1_s4,forecast,1,4,130000,0.1221857174872893
forecast_c1_s4,forecast,1,4,140000,0.11762482015616127
forecast_c1_s4,forecast,1,4,150000,0.10935322002169255
forecast_c1_s4,forecast,1,4,160000,0.10224494565620942
forecast_c1_s4,forecast,1,4,170000,0.10748616385767025
forecast_c1_s4,forecast,1,4,180000,0.10498237115910437
forecast_c1_s4,forecast,1,4,190000,0.07956355371720034
forecast_c1_s4,forecast,1,4,200000,0.08384610361642873
forecast_c1_s4,forecast,1,4,210000,0.12490965332189266
forecast_c1_s4,forecast,1,4,220000,0.0969721121542958
forecast_c1_s4,forecast,1,4,230000,0.0626954374879832
forecast_c1_s4,forecast,1,4,240000,0.08803149556967675
forecast_c1_s4,forecast,1,4,250000,0.10107313957866892
forecast_c1_s4,forecast,1,4,260000,0.11293772292612406
forecast_c1_s4,forecast,1,4,270000,0.07268998844862898
forecast_c1_s4,forecast,1,4,280000,0.048849869511601286
forecast_c1_s4,forecast,1,4,290000,0.09891786431299666
forecast_c1_s4,forecast,1,4,300000,0.12855903430839966
forecast_c1_s4,forecast,1,4,310000,0.11854303542913543
forecast_c5_s0,forecast,5,0,10000,-0.21206432119452226
forecast_c5_s0,forecast,5,0,20000,-0.11735417377761566
forecast_c5_s0,forecast,5,0,30000,-0.06973641156379526
forecast_c5_s0,forecast,5,0,40000,-0.03556646484190227
forecast_c5_s0,forecast,5,0,50000,0.005238752159788522
forecast_c5_s0,forecast,5,0,60000,-0.0032649694161353353
forecast_c5_s0,forecast,5,0,70000,0.03759422309110311
forecast_c5_s0,forecast,5,0,80000,0.06517616167157296
forecast_c5_s0,forecast,5,0,90000,0.07608651886455765
forecast_c5_s0,forecast,5,0,100000,0.005326755909581417
forecast_c5_s0,forecast,5,0,110000,0.04491049884454059
forecast_c5_s0,forecast,5,0,120000,0.07751850616671335
forecast_c5_s0,forecast,5,0,130000,0.06504575398926893
forecast_c5_s0,forecast,5,0,140000,0.1343528966201632
forecast_c5_s0,forecast,5,0,150000,0.05035860275614168
forecast_c5_s0,forecast,5,0,160000,0.1240278399878035
forecast_c5_s0,forecast,5,0,170000,0.07296907858684937
forecast_c5_s0,forecast,5,0,180000,0.08320735533248969
forecast_c5_s0,forecast,5,0,190000,0.04568946429528213
forecast_c5_s0,forecast,5,0,200000,0.09352065248126755
forecast_c5_s0,forecast,5,0,210000,0.0595744508216826
forecast_c5_s0,forecast,5,0,220000,0.10349293276039549
forecast_c5_s0,forecast,5,0,230000,0.03380905417241968
forecast_c5_s0,forecast,5,0,240000,0.05501109426035824
forecast_c5_s0,forecast,5,0,250000,0.07865466855773104
forecast_c5_s0,forecast,5,0,260000,0.11004156377249519
forecast_c5_s0,forecast,5,0,270000,0.09395428340006692
forecast_c5_s0,forecast,5,0,280000,0.04232086510854995
forecast_c5_s0,forecast,5,0,290000,0.05945708756018808
forecast_c5_s0,forecast,5,0,300000,0.05040700372362111
forecast_c5_s0,forecast,5,0,310000,-0.024510150475285254
forecast_c1_s2,forecast,1,2,10000,-0.03412981406992501
forecast_c1_s2,forecast,1,2,20000,-0.026790552106898614
forecast_c1_s2,forecast,1,2,30000,0.003574394628209576
forecast_c1_s2,forecast,1,2,40000,0.02326478392633772
forecast_c1_s2,forecast,1,2,50000,0.10150828257162954
forecast_c1_s2,forecast,1,2,60000,0.08017967699294185
forecast_c1_s2,forecast,1,2,70000,0.11029054468296708
forecast_c1_s2,forecast,1,2,80000,0.052628767581966975
forecast_c1_s2,forecast,1,2,90000,0.12051052438997605
forecast_c1_s2,forecast,1,2,100000,0.13026031416887834
forecast_c1_s2,forecast,1,2,110000,0.07764919433431551
forecast_c1_s2,forecast,1,2,120000,0.09355403058103998
forecast_c1_s2,forecast,1,2,130000,0.12577477104212045
forecast_c1_s2,forecast,1,2,140000,0.13643546223552244
forecast_c1_s2,forecast,1,2,150000,0.09549772621554774
forecast_c1_s2,forecast,1,2,160000,0.13943140711690133
forecast_c1_s2,forecast,1,2,170000,0.051644139744221496
forecast_c1_s2,forecast,1,2,180000,0.09808599787190964
forecast_c1_s2,forecast,1,2,190000,0.1093979180039828
forecast_c1_s2,forecast,1,2,200000,0.0970517330974823
forecast_c1_s2,forecast,1,2,210000,0.09226704725658405
forecast_c1_s2,forecast,1,2,220000,0.04001172369797644
forecast_c1_s2,forecast,1,2,230000,0.0779377971019248
forecast_c1_s2,forecast,1,2,240000,0.13490032898071147
forecast_c1_s2,forecast,1,2,250000,0.0986475957124633
forecast_c1_s2,forecast,1,2,260000,0.1204426556876717
forecast_c1_s2,forecast,1,2,270000,0.07039197009783416
forecast_c1_s2,forecast,1,2,280000,0.14045560497534984
forecast_c1_s2,forecast,1,2,290000,0.09833818396880586
forecast_c1_s2,forecast,1,2,300000,0.10020661808739569
forecast_c1_s2,forecast,1,2,310000,0.1592587208369968
forecast_c5_s1,forecast,5,1,10000,-0.2020619678270542
forecast_c5_s1,forecast,5,1,20000,-0.11236405427925152
forecast_c5_s1,forecast,5,1,30000,-0.06131323989275988
forecast_c5_s1,forecast,5,1,40000,-0.010123231461411253
forecast_c5_s1,forecast,5,1,50000,0.008266010819932773
forecast_c5_s1,forecast,5,1,60000,0.04461550017524953
forecast_c5_s1,forecast,5,1,70000,0.02299610617745383
forecast_c5_s1,forecast,5,1,80000,0.04638591715304821
forecast_c5_s1,forecast,5,1,90000,0.05716770764361936
forecast_c5_s1,forecast,5,1,100000,0.12697270332199218
forecast_c5_s1,forecast,5,1,110000,0.0922176694425941
forecast_c5_s1,forecast,5,1,120000,0.10695660684748895
forecast_c5_s1,forecast,5,1,130000,0.06384685141451678
forecast_c5_s1,forecast,5,1,140000,0.07559421369468075
forecast_c5_s1,forecast,5,1,150000,0.11899544489613566
forecast_c5_s1,forecast,5,1,160000,0.10365929761909735
forecast_c5_s1,forecast,5,1,170000,0.07962703071379507
forecast_c5_s1,forecast,5,1,180000,0.06904650435500702
forecast_c5_s1,forecast,5,1,190000,0.11498179129127244
forecast_c5_s1,forecast,5,1,200000,0.08773799623900003
forecast_c5_s1,forecast,5,1,210000,0.08286974522681331
forecast_c5_s1,forecast,5,1,220000,0.12287227124799534
forecast_c5_s1,forecast,5,1,230000,0.07701176696326376
forecast_c5_s1,forecast,5,1,240000,0.06152372280146486
forecast_c5_s1,forecast,5,1,250000,0.12858698904562665
forecast_c5_s1,forecast,5,1,260000,0.1007143800553168
forecast_c5_s1,forecast,5,1,270000,0.0955271269799677
forecast_c5_s1,forecast,5,1,280000,0.08026885643337528
forecast_c5_s1,forecast,5,1,290000,0.055617937920896
forecast_c5_s1,forecast,5,1,300000,0.09878059121557643
forecast_c5_s1,forecast,5,1,310000,0.03509206622340414
forecast_c5_s2,forecast,5,2,10000,-0.20095544542614352
forecast_c5_s2,forecast,5,2,20000,-0.1343803027133161
forecast_c5_s2,forecast,5,2,30000,-0.056126979249896694
forecast_c5_s2,forecast,5,2,40000,0.04187302596151653
forecast_c5_s2,forecast,5,2,50000,0.06983323467457865
forecast_c5_s2,forecast,5,2,60000,0.1056904270199254
forecast_c5_s2,forecast,5,2,70000,0.12731225532835969
forecast_c5_s2,forecast,5,2,80000,0.07842786175388353
forecast_c5_s2,forecast,5,2,90000,0.12490719877692834
forecast_c5_s2,forecast,5,2,100000,0.11372842185836504
forecast_c5_s2,forecast,5,2,110000,0.06678445686590855
forecast_c5_s2,forecast,5,2,120000,0.05881864547878517
forecast_c5_s2,forecast,5,2,130000,0.08445856022910869
forecast_c5_s2,forecast,5,2,140000,0.11776006302245645
forecast_c5_s2,forecast,5,2,150000,0.09462130353311622
forecast_c5_s2,forecast,5,2,160000,0.08089850374181046
forecast_c5_s2,forecast,5,2,170000,0.04458803803275278
forecast_c5_s2,forecast,5,2,180000,0.06896704983984657
forecast_c5_s2,forecast,5,2,190000,0.10148795817914472
forecast_c5_s2,forecast,5,2,200000,0.09308143535123704
forecast_c5_s2,forecast,5,2,210000,0.06485848803253731
forecast_c5_s2,forecast,5,2,220000,0.024302142645206037
forecast_c5_s2,forecast,5,2,230000,0.025610117941437544
forecast_c5_s2,forecast,5,2,240000,0.08941011141701377
forecast_c5_s2,forecast,5,2,250000,0.06635317640939292
forecast_c5_s2,forecast,5,2,260000,0.10045874424117178
forecast_c5_s2,forecast,5,2,270000,0.04777102306827928
forecast_c5_s2,forecast,5,2,280000,0.11727898012732216
forecast_c5_s2,forecast,5,2,290000,0.09313746713662584
forecast_c5_s2,forecast,5,2,300000,0.06668237946137767
forecast_c5_s2,forecast,5,2,310000,0.14140215749619764
forecast_c5_s4,forecast,5,4,10000,-0.18106528079976597
forecast_c5_s4,forecast,5,4,20000,-0.12137809578532488
forecast_c5_s4,forecast,5,4,30000,-0.039918964193290905
forecast_c5_s4,forecast,5,4,40000,0.011401550946328049
forecast_c5_s4,forecast,5,4,50000,0.05430676404990355
forecast_c5_s4,forecast,5,4,60000,0.059282238946961066
forecast_c5_s4,forecast,5,4,70000,0.05881731910998271
forecast_c5_s4,forecast,5,4,80000,0.034979093667157804
forecast_c5_s4,forecast,5,4,90000,0.06107558699573888
forecast_c5_s4,forecast,5,4,100000,0.07710987478719003
forecast_c5_s4,forecast,5,4,110000,0.08867127311225029
forecast_c5_s4,forecast,5,4,120000,0.07111726960450493
forecast_c5_s4,forecast,5,4,130000,0.08936127149844146
forecast_c5_s4,forecast,5,4,140000,0.10201770382108985
forecast_c5_s4,forecast,5,4,150000,0.054774696227128924
forecast_c5_s4,forecast,5,4,160000,0.053283934788168744
forecast_c5_s4,forecast,5,4,170000,0.079650293337916
forecast_c5_s4,forecast,5,4,180000,0.08441894381506372
forecast_c5_s4,forecast,5,4,190000,0.07517870448847272
forecast_c5_s4,forecast,5,4,200000,0.08475076244434535
forecast_c5_s4,forecast,5,4,210000,0.07365065431940444
forecast_c5_s4,forecast,5,4,220000,0.10118510888687293
forecast_c5_s4,forecast,5,4,230000,0.05408502447976817
forecast_c5_s4,forecast,5,4,240000,0.08861147080476602
forecast_c5_s4,forecast,5,4,250000,0.08797168130178215
forecast_c5_s4,forecast,5,4,260000,0.1126182642529016
forecast_c5_s4,forecast,5,4,270000,0.0706727278851426
forecast_c5_s4,forecast,5,4,280000,0.02583333046137995
forecast_c5_s4,forecast,5,4,290000,0.10961233093193792
forecast_c5_s4,forecast,5,4,300000,0.12597076057074497
forecast_c5_s4,forecast,5,4,310000,0.18330934241532895
forecast_c5_s3,forecast,5,3,10000,-0.21397746926400094
forecast_c5_s3,forecast,5,3,20000,-0.04828876841432769
forecast_c5_s3,forecast,5,3,30000,-0.019368557652614846
forecast_c5_s3,forecast,5,3,40000,0.03504350799472575
forecast_c5_s3,forecast,5,3,50000,0.07981176563046519
forecast_c5_s3,forecast,5,3,60000,0.025899558410888136
forecast_c5_s3,forecast,5,3,70000,0.08872672837384538
forecast_c5_s3,forecast,5,3,80000,0.10967579575495612
forecast_c5_s3,forecast,5,3,90000,0.04008105843308524
forecast_c5_s3,forecast,5,3,100000,0.04493581539090873
forecast_c5_s3,forecast,5,3,110000,0.10538373634130344
forecast_c5_s3,forecast,5,3,120000,0.06595774040067894
forecast_c5_s3,forecast,5,3,130000,0.10783612424934971
forecast_c5_s3,forecast,5,3,140000,0.05122255269876128
forecast_c5_s3,forecast,5,3,150000,0.09683490423105262
forecast_c5_s3,forecast,5,3,160000,0.0693072527897807
forecast_c5_s3,forecast,5,3,170000,0.03482841203947163
forecast_c5_s3,forecast,5,3,180000,0.040071154876170315
forecast_c5_s3,forecast,5,3,190000,0.09664040787097429
forecast_c5_s3,forecast,5,3,200000,0.0802178475308359
forecast_c5_s3,forecast,5,3,210000,0.06726645787558075
forecast_c5_s3,forecast,5,3,220000,0.07453272493793535
forecast_c5_s3,forecast,5,3,230000,0.11263718998244768
forecast_c5_s3,forecast,5,3,240000,0.12505634291854117
forecast_c5_s3,forecast,5,3,250000,0.04986020706257471
forecast_c5_s3,forecast,5,3,260000,0.09120455598594494
forecast_c5_s3,forecast,5,3,270000,0.05706453960854339
forecast_c5_s3,forecast,5,3,280000,0.15584084584730196
forecast_c5_s3,forecast,5,3,290000,0.1235479557145283
forecast_c5_s3,forecast,5,3,300000,0.07224230034916046
forecast_c5_s3,forecast,5,3,310000,0.10248003274522528
forecast_c10_s0,forecast,10,0,10000,-0.3943650084625953
forecast_c10_s0,forecast,10,0,20000,-0.23494996062280724
forecast_c10_s0,forecast,10,0,30000,-0.07258535446841366
forecast_c10_s0,forecast,10,0,40000,-0.018148001259545115
forecast_c10_s0,forecast,10,0,50000,0.009253335223991417
forecast_c10_s0,forecast,10,0,60000,0.01059464298920063
forecast_c10_s0,forecast,10,0,70000,0.0602310409724388
forecast_c10_s0,forecast,10,0,80000,0.029138524964951208
forecast_c10_s0,forecast,10,0,90000,0.07072148392549862
forecast_c10_s0,forecast,10,0,100000,0.009826661439892796
forecast_c10_s0,forecast,10,0,110000,0.013744228389400981
forecast_c10_s0,forecast,10,0,120000,0.02457323911119816
forecast_c10_s0,forecast,10,0,130000,0.042292513795823314
forecast_c10_s0,forecast,10,0,140000,0.08804123997344593
forecast_c10_s0,forecast,10,0,150000,0.045006802870882316
forecast_c10_s0,forecast,10,0,160000,0.10000214636962974
forecast_c10_s0,forecast,10,0,170000,0.07586341049169336
forecast_c10_s0,forecast,10,0,180000,0.04784227048692984
forecast_c10_s0,forecast,10,0,190000,0.019562140937688263
forecast_c10_s0,forecast,10,0,200000,0.06146865635321324
forecast_c10_s0,forecast,10,0,210000,0.05404887559609264
forecast_c10_s0,forecast,10,0,220000,0.06292437323287287
forecast_c10_s0,forecast,10,0,230000,0.04624044130526094
forecast_c10_s0,forecast,10,0,240000,0.06124332759846961
forecast_c10_s0,forecast,10,0,250000,0.08319269739010991
forecast_c10_s0,forecast,10,0,260000,0.0779270727177583
forecast_c10_s0,forecast,10,0,270000,0.09059905858821105
forecast_c10_s0,forecast,10,0,280000,0.038996786963801856
forecast_c10_s0,forecast,10,0,290000,0.054742149582378975
forecast_c10_s0,forecast,10,0,300000,0.05495086848688376
forecast_c10_s0,forecast,10,0,310000,0.029715325854556166
forecast_c10_s1,forecast,10,1,10000,-0.38840125341152704
forecast_c10_s1,forecast,10,1,20000,-0.22358288716525218
forecast_c10_s1,forecast,10,1,30000,-0.05924844555010589
forecast_c10_s1,forecast,10,1,40000,0.0407414192571164
forecast_c10_s1,forecast,10,1,50000,0.02165797479195834
forecast_c10_s1,forecast,10,1,60000,0.05712933148866152
forecast_c10_s1,forecast,10,1,70000,0.04713423515090911
forecast_c10_s1,forecast,10,1,80000,0.014958830317042728
forecast_c10_s1,forecast,10,1,90000,0.061301189584600034
forecast_c10_s1,forecast,10,1,100000,0.08105323404559157
forecast_c10_s1,forecast,10,1,110000,0.09883636207945215
forecast_c10_s1,forecast,10,1,120000,0.09300511633345995
forecast_c10_s1,forecast,10,1,130000,0.03461314628416584
forecast_c10_s1,forecast,10,1,140000,0.09794730817687329
forecast_c10_s1,forecast,10,1,150000,0.10761509045356395
forecast_c10_s1,forecast,10,1,160000,0.08189515636964775
forecast_c10_s1,forecast,10,1,170000,0.07562190421596382
forecast_c10_s1,forecast,10,1,180000,0.05646382248793174
forecast_c10_s1,forecast,10,1,190000,0.1279964088536258
forecast_c10_s1,forecast,10,1,200000,0.07307651195719354
forecast_c10_s1,forecast,10,1,210000,0.05388713931883456
forecast_c10_s1,forecast,10,1,220000,0.132032687796189
forecast_c10_s1,forecast,10,1,230000,0.06277008346027028
forecast_c10_s1,forecast,10,1,240000,0.05118494220170123
forecast_c10_s1,forecast,10,1,250000,0.11909317933496107
forecast_c10_s1,forecast,10,1,260000,0.08850943714574144
forecast_c10_s1,forecast,10,1,270000,0.06072444587424434
forecast_c10_s1,forecast,10,1,280000,0.05983875660116875
forecast_c10_s1,forecast,10,1,290000,0.048936798985778254
forecast_c10_s1,forecast,10,1,300000,0.09011234486572102
forecast_c10_s1,forecast,10,1,310000,-0.016298780945098183
forecast_c10_s2,forecast,10,2,10000,-0.38243146719738313
forecast_c10_s2,forecast,10,2,20000,-0.22712051964549432
forecast_c10_s2,forecast,10,2,30000,-0.06978573136598645
forecast_c10_s2,forecast,10,2,40000,0.03201319678965144
forecast_c10_s2,forecast,10,2,50000,0.0394175039311234
forecast_c10_s2,forecast,10,2,60000,0.07193327059976902
forecast_c10_s2,forecast,10,2,70000,0.09228533289124058
forecast_c10_s2,forecast,10,2,80000,0.03242608799505814
forecast_c10_s2,forecast,10,2,90000,0.09786399443130263
forecast_c10_s2,forecast,10,2,100000,0.10776424980826535
forecast_c10_s2,forecast,10,2,110000,0.053021390064076274
forecast_c10_s2,forecast,10,2,120000,0.04586797647185338
forecast_c10_s2,forecast,10,2,130000,0.06314860198750591
forecast_c10_s2,forecast,10,2,140000,0.10060748007409466
forecast_c10_s2,forecast,10,2,150000,0.06566764065168387
forecast_c10_s2,forecast,10,2,160000,0.108390657190546
forecast_c10_s2,forecast,10,2,170000,0.03402258989550306
forecast_c10_s2,forecast,10,2,180000,0.08179165157999764
forecast_c10_s2,forecast,10,2,190000,0.06519074416384912
forecast_c10_s2,forecast,10,2,200000,0.07290937949923103
forecast_c10_s2,forecast,10,2,210000,0.037698356777397336
forecast_c10_s2,forecast,10,2,220000,0.03214736046220857
forecast_c10_s2,forecast,10,2,230000,0.014495793067306495
forecast_c10_s2,forecast,10,2,240000,0.07594303042595173
forecast_c10_s2,forecast,10,2,250000,0.09858070937480179
forecast_c10_s2,forecast,10,2,260000,0.07408558989675018
forecast_c10_s2,forecast,10,2,270000,0.05378010142951521
forecast_c10_s2,forecast,10,2,280000,0.10330565790661454
forecast_c10_s2,forecast,10,2,290000,0.08018613980313996
forecast_c10_s2,forecast,10,2,300000,0.09183784711835513
forecast_c10_s2,forecast,10,2,310000,0.1750605601852391
forecast_c10_s3,forecast,10,3,10000,-0.39101070222614476
forecast_c10_s3,forecast,10,3,20000,-0.14004807849069031
forecast_c10_s3,forecast,10,3,30000,-0.06369250966956404
forecast_c10_s3,forecast,10,3,40000,0.03789715735772292
forecast_c10_s3,forecast,10,3,50000,0.024018851601973194
forecast_c10_s3,forecast,10,3,60000,0.0021208157078815197
forecast_c10_s3,forecast,10,3,70000,0.04301473419087008
forecast_c10_s3,forecast,10,3,80000,0.06670994728819318
forecast_c10_s3,forecast,10,3,90000,0.020569894740640415
forecast_c10_s3,forecast,10,3,100000,0.018542261715040653
forecast_c10_s3,forecast,10,3,110000,0.10079759909819015
forecast_c10_s3,forecast,10,3,120000,0.04458750595352954
forecast_c10_s3,forecast,10,3,130000,0.056681259725659065
forecast_c10_s3,forecast,10,3,140000,0.044741647807994646
forecast_c10_s3,forecast,10,3,150000,0.0900493548844806
forecast_c10_s3,forecast,10,3,160000,0.05719936095248156
forecast_c10_s3,forecast,10,3,170000,0.0496625939045758
forecast_c10_s3,forecast,10,3,180000,0.04833043352786359
forecast_c10_s3,forecast,10,3,190000,0.07261501492849928
forecast_c10_s3,forecast,10,3,200000,0.061155282614154136
forecast_c10_s3,forecast,10,3,210000,0.07086820905990548
forecast_c10_s3,forecast,10,3,220000,0.06675662173939827
forecast_c10_s3,forecast,10,3,230000,0.0787764028757189
forecast_c10_s3,forecast,10,3,240000,0.07267369436407793
forecast_c10_s3,forecast,10,3,250000,0.03355671008838866
forecast_c10_s3,forecast,10,3,260000,0.07485823849535775
forecast_c10_s3,forecast,10,3,270000,0.059377689618472854
forecast_c10_s3,forecast,10,3,280000,0.12241894013855388
forecast_c10_s3,forecast,10,3,290000,0.12071702391847809
forecast_c10_s3,forecast,10,3,300000,0.038292116433146346
forecast_c10_s3,forecast,10,3,310000,0.057603997819972906
forecast_c10_s4,forecast,10,4,10000,-0.3607666634636373
forecast_c10_s4,forecast,10,4,20000,-0.20059720825996888
forecast_c10_s4,forecast,10,4,30000,-0.06016873224373004
forecast_c10_s4,forecast,10,4,40000,-0.027327432173815096
forecast_c10_s4,forecast,10,4,50000,0.00025844618079724036
forecast_c10_s4,forecast,10,4,60000,0.044432113124834985
forecast_c10_s4,forecast,10,4,70000,0.015136492982753056
forecast_c10_s4,forecast,10,4,80000,0.012790239313182756
forecast_c10_s4,forecast,10,4,90000,0.051831052445412994
forecast_c10_s4,forecast,10,4,100000,0.02018001957681544
forecast_c10_s4,forecast,10,4,110000,0.06970040753262492
forecast_c10_s4,forecast,10,4,120000,0.04200191446230047
forecast_c10_s4,forecast,10,4,130000,0.040153508806844526
forecast_c10_s4,forecast,10,4,140000,0.048728158665786274
forecast_c10_s4,forecast,10,4,150000,0.030457288008979844
forecast_c10_s4,forecast,10,4,160000,0.0165239991333018
forecast_c10_s4,forecast,10,4,170000,0.0682990865100992
forecast_c10_s4,forecast,10,4,180000,0.0883425261771272
forecast_c10_s4,forecast,10,4,190000,0.062281670861692916
forecast_c10_s4,forecast,10,4,200000,0.03711884860572002
forecast_c10_s4,forecast,10,4,210000,0.02662750286011602
forecast_c10_s4,forecast,10,4,220000,0.07787322557155221
forecast_c10_s4,forecast,10,4,230000,0.028670931362836244
forecast_c10_s4,forecast,10,4,240000,0.0695514404383157
forecast_c10_s4,forecast,10,4,250000,0.08103862375802486
forecast_c10_s4,forecast,10,4,260000,0.07532444835280805
forecast_c10_s4,forecast,10,4,270000,0.042465734457956844
forecast_c10_s4,forecast,10,4,280000,0.006105212906086939
forecast_c10_s4,forecast,10,4,290000,0.08421970191364389
forecast_c10_s4,forecast,10,4,300000,0.11230635239581434
forecast_c10_s4,forecast,10,4,310000,0.22276623016590488
zero_c1_s0,zero,1,0,10000,-0.054595312480775614
zero_c1_s0,zero,1,0,20000,-0.06448148278383284
zero_c1_s0,zero,1,0,30000,-0.039371566528490526
zero_c1_s0,zero,1,0,40000,-0.03556030226891913
zero_c1_s0,zero,1,0,50000,-0.008577054918184432
zero_c1_s0,zero,1,0,60000,0.015493819532594749
zero_c1_s0,zero,1,0,70000,-0.016814989219733675
zero_c1_s0,zero,1,0,80000,-0.0005344737714280624
zero_c1_s0,zero,1,0,90000,0.008228095741532177
zero_c1_s0,zero,1,0,100000,-0.009059788209530475
zero_c1_s0,zero,1,0,110000,-0.010801191568989168
zero_c1_s0,zero,1,0,120000,-0.051560291078772434
zero_c1_s0,zero,1,0,130000,-0.020999440807250472
zero_c1_s0,zero,1,0,140000,-0.007299413994606693
zero_c1_s0,zero,1,0,150000,-0.034662257357593436
zero_c1_s0,zero,1,0,160000,-0.013742684223051537
zero_c1_s0,zero,1,0,170000,-0.020434408570624254
zero_c1_s0,zero,1,0,180000,0.00355117573511069
zero_c1_s0,zero,1,0,190000,0.022375256734120268
zero_c1_s0,zero,1,0,200000,0.02383637076531094
zero_c1_s0,zero,1,0,210000,-0.006056711806211717
zero_c1_s0,zero,1,0,220000,-0.001794130778483304
zero_c1_s0,zero,1,0,230000,-0.003617457495016108
zero_c1_s0,zero,1,0,240000,-0.00942928079571751
zero_c1_s0,zero,1,0,250000,0.016806525263852273
zero_c1_s0,zero,1,0,260000,0.015365458118960276
zero_c1_s0,zero,1,0,270000,0.000177771408893624
zero_c1_s0,zero,1,0,280000,0.003394186069616513
zero_c1_s0,zero,1,0,290000,0.02424428838698752
zero_c1_s0,zero,1,0,300000,0.01398207723274949
zero_c1_s0,zero,1,0,310000,0.03357108934788619
zero_c1_s1,zero,1,1,10000,-0.04507112826891855
zero_c1_s1,zero,1,1,20000,-0.04218520975702972
zero_c1_s1,zero,1,1,30000,-0.03960003129591405
zero_c1_s1,zero,1,1,40000,-0.018282033195336955
zero_c1_s1,zero,1,1,50000,-0.03827990472334111
zero_c1_s1,zero,1,1,60000,-0.0320089193202368
zero_c1_s1,zero,1,1,70000,-0.07195336090549398
zero_c1_s1,zero,1,1,80000,-0.07419512922554947
zero_c1_s1,zero,1,1,90000,-0.014610511125997977
zero_c1_s1,zero,1,1,100000,-0.0324716285528837
zero_c1_s1,zero,1,1,110000,0.01184154029529492
zero_c1_s1,zero,1,1,120000,0.004380482547507902
zero_c1_s1,zero,1,1,130000,0.012273145306427858
zero_c1_s1,zero,1,1,140000,-0.03819229194739212
zero_c1_s1,zero,1,1,150000,-0.05722545128313407
zero_c1_s1,zero,1,1,160000,-0.05675356689222775
zero_c1_s1,zero,1,1,170000,-0.03614657108956897
zero_c1_s1,zero,1,1,180000,0.017905798766419213
zero_c1_s1,zero,1,1,190000,-0.026140078943977817
zero_c1_s1,zero,1,1,200000,-0.0028850641013938253
zero_c1_s1,zero,1,1,210000,-0.013224252414177785
zero_c1_s1,zero,1,1,220000,0.0005280182494260325
zero_c1_s1,zero,1,1,230000,-0.014549938771126264
zero_c1_s1,zero,1,1,240000,-0.005904171936706058
zero_c1_s1,zero,1,1,250000,-0.024769356957638516
zero_c1_s1,zero,1,1,260000,0.01904438987122937
zero_c1_s1,zero,1,1,270000,0.010834581769147802
zero_c1_s1,zero,1,1,280000,0.013628256739291291
zero_c1_s1,zero,1,1,290000,0.014741166646053017
zero_c1_s1,zero,1,1,300000,-0.06152604631252845
zero_c1_s1,zero,1,1,310000,0.095765242568332
zero_c1_s2,zero,1,2,10000,-0.05681605401678543
zero_c1_s2,zero,1,2,20000,-0.07353304457421177
zero_c1_s2,zero,1,2,30000,-0.06835972043597344
zero_c1_s2,zero,1,2,40000,-0.013152973428711214
zero_c1_s2,zero,1,2,50000,-0.01507740753377658
zero_c1_s2,zero,1,2,60000,0.01158429374786513
zero_c1_s2,zero,1,2,70000,-0.004254727932405907
zero_c1_s2,zero,1,2,80000,-0.017583956669208922
zero_c1_s2,zero,1,2,90000,0.03099501049478327
zero_c1_s2,zero,1,2,100000,-0.025743691045697785
zero_c1_s2,zero,1,2,110000,-0.013610186994683249
zero_c1_s2,zero,1,2,120000,-0.024916444003001626
zero_c1_s2,zero,1,2,130000,-0.026082191029619645
zero_c1_s2,zero,1,2,140000,-0.007782682220422455
zero_c1_s2,zero,1,2,150000,-0.03464071029796777
zero_c1_s2,zero,1,2,160000,0.010599596065056782
zero_c1_s2,zero,1,2,170000,-0.0191648805665821
zero_c1_s2,zero,1,2,180000,-0.006559711770404776
zero_c1_s2,zero,1,2,190000,-0.03512916392778324
zero_c1_s2,zero,1,2,200000,-0.05485774266903929
zero_c1_s2,zero,1,2,210000,0.03529668985037134
zero_c1_s2,zero,1,2,220000,-0.03958789460456302
zero_c1_s2,zero,1,2,230000,0.0035744412442416064
zero_c1_s2,zero,1,2,240000,-0.019167896455968073
zero_c1_s2,zero,1,2,250000,-0.017081524191978694
zero_c1_s2,zero,1,2,260000,0.025404798956087528
zero_c1_s2,zero,1,2,270000,-0.035306953999750236
zero_c1_s2,zero,1,2,280000,-0.014786450986573201
zero_c1_s2,zero,1,2,290000,-0.03087285194231812
zero_c1_s2,zero,1,2,300000,0.0028565463653388782
zero_c1_s2,zero,1,2,310000,0.0916417999639596
shuffled_c1_s0,shuffled,1,0,10000,-0.057390440481702616
shuffled_c1_s0,shuffled,1,0,20000,-0.06536266267627511
shuffled_c1_s0,shuffled,1,0,30000,-0.06839412654378206
shuffled_c1_s0,shuffled,1,0,40000,-0.045383211487526616
shuffled_c1_s0,shuffled,1,0,50000,-0.03257460107967502
shuffled_c1_s0,shuffled,1,0,60000,-0.0191271233715907
shuffled_c1_s0,shuffled,1,0,70000,-0.01948581790599312
shuffled_c1_s0,shuffled,1,0,80000,-0.002732311035404371
shuffled_c1_s0,shuffled,1,0,90000,-0.004211901387421578
shuffled_c1_s0,shuffled,1,0,100000,-0.006710895905892739
shuffled_c1_s0,shuffled,1,0,110000,-0.017823959666873387
shuffled_c1_s0,shuffled,1,0,120000,-0.06746239358307923
shuffled_c1_s0,shuffled,1,0,130000,-0.02431508611528644
shuffled_c1_s0,shuffled,1,0,140000,-0.00800080032053642
shuffled_c1_s0,shuffled,1,0,150000,-0.04144143533224076
shuffled_c1_s0,shuffled,1,0,160000,-0.014793347604020629
shuffled_c1_s0,shuffled,1,0,170000,0.0014593572464590824
shuffled_c1_s0,shuffled,1,0,180000,-0.0025858008399877027
shuffled_c1_s0,shuffled,1,0,190000,0.0077285917413996204
shuffled_c1_s0,shuffled,1,0,200000,0.0034441098193598776
shuffled_c1_s0,shuffled,1,0,210000,-0.012787239247316718
shuffled_c1_s0,shuffled,1,0,220000,0.011406494839387674
shuffled_c1_s0,shuffled,1,0,230000,-0.0091926092877221
shuffled_c1_s0,shuffled,1,0,240000,0.012623606426115387
shuffled_c1_s0,shuffled,1,0,250000,-0.009222900132856813
shuffled_c1_s0,shuffled,1,0,260000,0.014229559399507315
shuffled_c1_s0,shuffled,1,0,270000,-0.012725397782386131
shuffled_c1_s0,shuffled,1,0,280000,-0.0306417970560712
shuffled_c1_s0,shuffled,1,0,290000,-0.01176654033743981
shuffled_c1_s0,shuffled,1,0,300000,0.0010206844613347282
shuffled_c1_s0,shuffled,1,0,310000,0.0058011252975199755
zero_c1_s3,zero,1,3,10000,-0.05504892457888585
zero_c1_s3,zero,1,3,20000,-0.002543229567390326
zero_c1_s3,zero,1,3,30000,-0.032276008925449906
zero_c1_s3,zero,1,3,40000,-0.062112454259150685
zero_c1_s3,zero,1,3,50000,-0.03297977623839501
zero_c1_s3,zero,1,3,60000,-0.03937516686237994
zero_c1_s3,zero,1,3,70000,-0.0362592300965095
zero_c1_s3,zero,1,3,80000,0.024091705495331406
zero_c1_s3,zero,1,3,90000,-0.026546656293981202
zero_c1_s3,zero,1,3,100000,-0.03173895646458004
zero_c1_s3,zero,1,3,110000,-0.0037215467947464918
zero_c1_s3,zero,1,3,120000,-0.044533771771853956
zero_c1_s3,zero,1,3,130000,-0.015798507873615784
zero_c1_s3,zero,1,3,140000,-0.005669113036536542
zero_c1_s3,zero,1,3,150000,0.0021611105314841613
zero_c1_s3,zero,1,3,160000,0.0027819933949597224
zero_c1_s3,zero,1,3,170000,-0.047962299845162995
zero_c1_s3,zero,1,3,180000,-0.0054940047711035216
zero_c1_s3,zero,1,3,190000,-0.02705825022560059
zero_c1_s3,zero,1,3,200000,-0.011788776922915321
zero_c1_s3,zero,1,3,210000,0.030465304317589703
zero_c1_s3,zero,1,3,220000,-0.006936114948610124
zero_c1_s3,zero,1,3,230000,0.027924210668292555
zero_c1_s3,zero,1,3,240000,-0.013192462695482653
zero_c1_s3,zero,1,3,250000,0.009582294899028143
zero_c1_s3,zero,1,3,260000,-0.011975466004148966
zero_c1_s3,zero,1,3,270000,0.01882164400845196
zero_c1_s3,zero,1,3,280000,0.013623665849373356
zero_c1_s3,zero,1,3,290000,0.0016134475069711641
zero_c1_s3,zero,1,3,300000,-0.0019715281702603706
zero_c1_s3,zero,1,3,310000,-0.008340639258102333
zero_c1_s4,zero,1,4,10000,-0.03406717386755662
zero_c1_s4,zero,1,4,20000,-0.036110668763903085
zero_c1_s4,zero,1,4,30000,-0.07412371185954836
zero_c1_s4,zero,1,4,40000,-0.03739371866492084
zero_c1_s4,zero,1,4,50000,-0.026638072085937756
zero_c1_s4,zero,1,4,60000,-0.002656307196962843
zero_c1_s4,zero,1,4,70000,-0.038125013255489504
zero_c1_s4,zero,1,4,80000,-0.009585358100934891
zero_c1_s4,zero,1,4,90000,-0.025085457101787053
zero_c1_s4,zero,1,4,100000,-0.032680176438103045
zero_c1_s4,zero,1,4,110000,-0.03343880935293367
zero_c1_s4,zero,1,4,120000,-0.030542507328905642
zero_c1_s4,zero,1,4,130000,0.027825412592761115
zero_c1_s4,zero,1,4,140000,-0.05771670800801726
zero_c1_s4,zero,1,4,150000,0.024480737342947943
zero_c1_s4,zero,1,4,160000,-0.02717995469168289
zero_c1_s4,zero,1,4,170000,-0.04335707649189026
zero_c1_s4,zero,1,4,180000,-0.018822280090111443
zero_c1_s4,zero,1,4,190000,-0.03624267047207611
zero_c1_s4,zero,1,4,200000,0.014156720076061368
zero_c1_s4,zero,1,4,210000,-0.031760309301760575
zero_c1_s4,zero,1,4,220000,-0.0024339997513849756
zero_c1_s4,zero,1,4,230000,-0.02970377207301339
zero_c1_s4,zero,1,4,240000,0.003091683408173831
zero_c1_s4,zero,1,4,250000,0.020870342916613792
zero_c1_s4,zero,1,4,260000,-0.011178312585715534
zero_c1_s4,zero,1,4,270000,-0.014007442248978277
zero_c1_s4,zero,1,4,280000,-0.004398528149617603
zero_c1_s4,zero,1,4,290000,-0.008387370971235283
zero_c1_s4,zero,1,4,300000,-0.02945128622206607
zero_c1_s4,zero,1,4,310000,0.041971364037904024
shuffled_c1_s1,shuffled,1,1,10000,-0.046205034259385304
shuffled_c1_s1,shuffled,1,1,20000,-0.04575258148364944
shuffled_c1_s1,shuffled,1,1,30000,-0.04487388802922312
shuffled_c1_s1,shuffled,1,1,40000,-0.03322743463207618
shuffled_c1_s1,shuffled,1,1,50000,-0.0588858869834248
shuffled_c1_s1,shuffled,1,1,60000,-0.05410414498341835
shuffled_c1_s1,shuffled,1,1,70000,-0.06713285847330001
shuffled_c1_s1,shuffled,1,1,80000,-0.0399092858265414
shuffled_c1_s1,shuffled,1,1,90000,-0.024989588186000954
shuffled_c1_s1,shuffled,1,1,100000,0.011998123885047196
shuffled_c1_s1,shuffled,1,1,110000,0.00039124449954105073
shuffled_c1_s1,shuffled,1,1,120000,-0.05584264819745501
shuffled_c1_s1,shuffled,1,1,130000,-0.012661969414303637
shuffled_c1_s1,shuffled,1,1,140000,-0.002685606696293372
shuffled_c1_s1,shuffled,1,1,150000,0.02345038411272531
shuffled_c1_s1,shuffled,1,1,160000,-0.03497413522036694
shuffled_c1_s1,shuffled,1,1,170000,-0.045794211538983186
shuffled_c1_s1,shuffled,1,1,180000,0.0021466950531744806
shuffled_c1_s1,shuffled,1,1,190000,0.029317323186278575
shuffled_c1_s1,shuffled,1,1,200000,-0.005491649716911947
shuffled_c1_s1,shuffled,1,1,210000,-0.022329996873489136
shuffled_c1_s1,shuffled,1,1,220000,-0.03028177307066938
shuffled_c1_s1,shuffled,1,1,230000,-0.007887102730824588
shuffled_c1_s1,shuffled,1,1,240000,0.002279597866965844
shuffled_c1_s1,shuffled,1,1,250000,0.015365711677777397
shuffled_c1_s1,shuffled,1,1,260000,-0.03147546537932002
shuffled_c1_s1,shuffled,1,1,270000,0.0065651030916366315
shuffled_c1_s1,shuffled,1,1,280000,-0.020081849951559046
shuffled_c1_s1,shuffled,1,1,290000,0.019032997477891028
shuffled_c1_s1,shuffled,1,1,300000,-0.036508396793100494
shuffled_c1_s1,shuffled,1,1,310000,0.05741972545645985
shuffled_c1_s2,shuffled,1,2,10000,-0.05062491233765073
shuffled_c1_s2,shuffled,1,2,20000,-0.06851905121669297
shuffled_c1_s2,shuffled,1,2,30000,-0.06935078559439205
shuffled_c1_s2,shuffled,1,2,40000,0.009486262084983715
shuffled_c1_s2,shuffled,1,2,50000,-0.018770716006329555
shuffled_c1_s2,shuffled,1,2,60000,0.013078358771557922
shuffled_c1_s2,shuffled,1,2,70000,-0.03509100101710003
shuffled_c1_s2,shuffled,1,2,80000,-0.01828660120286608
shuffled_c1_s2,shuffled,1,2,90000,0.04441231567017177
shuffled_c1_s2,shuffled,1,2,100000,-0.005676981281978508
shuffled_c1_s2,shuffled,1,2,110000,-0.013579249705733315
shuffled_c1_s2,shuffled,1,2,120000,-0.037128929655730544
shuffled_c1_s2,shuffled,1,2,130000,-0.007137191841253741
shuffled_c1_s2,shuffled,1,2,140000,-0.0015796075725110041
shuffled_c1_s2,shuffled,1,2,150000,0.02973682622574064
shuffled_c1_s2,shuffled,1,2,160000,-0.027809117003845984
shuffled_c1_s2,shuffled,1,2,170000,-0.011553278733333526
shuffled_c1_s2,shuffled,1,2,180000,0.008692401138314008
shuffled_c1_s2,shuffled,1,2,190000,0.0028530985178426478
shuffled_c1_s2,shuffled,1,2,200000,0.02079203986902897
shuffled_c1_s2,shuffled,1,2,210000,-0.03318564949846789
shuffled_c1_s2,shuffled,1,2,220000,-0.0014496635554659394
shuffled_c1_s2,shuffled,1,2,230000,-7.923878255149535e-05
shuffled_c1_s2,shuffled,1,2,240000,-0.03627282771896233
shuffled_c1_s2,shuffled,1,2,250000,-0.03697501768599706
shuffled_c1_s2,shuffled,1,2,260000,-0.009179642846870261
shuffled_c1_s2,shuffled,1,2,270000,-0.03368479675089059
shuffled_c1_s2,shuffled,1,2,280000,-0.018884628143578438
shuffled_c1_s2,shuffled,1,2,290000,0.053234903491168786
shuffled_c1_s2,shuffled,1,2,300000,0.0068422817079476245
shuffled_c1_s2,shuffled,1,2,310000,-0.05460265034423112
shuffled_c1_s3,shuffled,1,3,10000,-0.06243806371205901
shuffled_c1_s3,shuffled,1,3,20000,0.0031727178122980633
shuffled_c1_s3,shuffled,1,3,30000,-0.04120242877032812
shuffled_c1_s3,shuffled,1,3,40000,-0.03266929634061376
shuffled_c1_s3,shuffled,1,3,50000,-0.03247236515592521
shuffled_c1_s3,shuffled,1,3,60000,-0.026335002442224698
shuffled_c1_s3,shuffled,1,3,70000,-0.04767117258643406
shuffled_c1_s3,shuffled,1,3,80000,0.002544079471704887
shuffled_c1_s3,shuffled,1,3,90000,-0.02497759566111637
shuffled_c1_s3,shuffled,1,3,100000,-0.0181564815850679
shuffled_c1_s3,shuffled,1,3,110000,-0.020543282135734125
shuffled_c1_s3,shuffled,1,3,120000,-0.02866247515403243
shuffled_c1_s3,shuffled,1,3,130000,0.023536252292467363
shuffled_c1_s3,shuffled,1,3,140000,-0.00572900100590412
shuffled_c1_s3,shuffled,1,3,150000,-0.00828420615911271
shuffled_c1_s3,shuffled,1,3,160000,0.025827726020770818
shuffled_c1_s3,shuffled,1,3,170000,-0.021634844871867794
shuffled_c1_s3,shuffled,1,3,180000,-0.02611668868336699
shuffled_c1_s3,shuffled,1,3,190000,-0.015011692352684647
shuffled_c1_s3,shuffled,1,3,200000,-0.02273885037678244
shuffled_c1_s3,shuffled,1,3,210000,0.03379141056796435
shuffled_c1_s3,shuffled,1,3,220000,-0.05010651857704008
shuffled_c1_s3,shuffled,1,3,230000,-0.007039911465426023
shuffled_c1_s3,shuffled,1,3,240000,-0.011565884444682933
shuffled_c1_s3,shuffled,1,3,250000,0.019056400001929284
shuffled_c1_s3,shuffled,1,3,260000,-0.011909325079748139
shuffled_c1_s3,shuffled,1,3,270000,0.0016130407731582753
shuffled_c1_s3,shuffled,1,3,280000,0.06564768399507799
shuffled_c1_s3,shuffled,1,3,290000,-0.015747031418085873
shuffled_c1_s3,shuffled,1,3,300000,-0.0019815269163970636
shuffled_c1_s3,shuffled,1,3,310000,0.004164653342144835
shuffled_c1_s4,shuffled,1,4,10000,-0.037065127883717054
shuffled_c1_s4,shuffled,1,4,20000,-0.019752932798940265
shuffled_c1_s4,shuffled,1,4,30000,-0.07184324348905595
shuffled_c1_s4,shuffled,1,4,40000,-0.02568185172220271
shuffled_c1_s4,shuffled,1,4,50000,-0.028693571153386735
shuffled_c1_s4,shuffled,1,4,60000,-0.011915729586886723
shuffled_c1_s4,shuffled,1,4,70000,-0.027775880952013467
shuffled_c1_s4,shuffled,1,4,80000,-0.014676831124215283
shuffled_c1_s4,shuffled,1,4,90000,0.002667925530376648
shuffled_c1_s4,shuffled,1,4,100000,-0.03042093090776763
shuffled_c1_s4,shuffled,1,4,110000,-0.04361138240005533
shuffled_c1_s4,shuffled,1,4,120000,-0.015173241373316673
shuffled_c1_s4,shuffled,1,4,130000,-0.005857988007954531
shuffled_c1_s4,shuffled,1,4,140000,0.016336632111867234
shuffled_c1_s4,shuffled,1,4,150000,0.009807967847467678
shuffled_c1_s4,shuffled,1,4,160000,-0.027210727372215325
shuffled_c1_s4,shuffled,1,4,170000,-0.03476328201478844
shuffled_c1_s4,shuffled,1,4,180000,-0.04775504842558903
shuffled_c1_s4,shuffled,1,4,190000,-0.06342584644256725
shuffled_c1_s4,shuffled,1,4,200000,-0.05032463105346979
shuffled_c1_s4,shuffled,1,4,210000,-0.02217033249423153
shuffled_c1_s4,shuffled,1,4,220000,-0.07605359229358434
shuffled_c1_s4,shuffled,1,4,230000,-0.03308655160256041
shuffled_c1_s4,shuffled,1,4,240000,-0.02321048604620906
shuffled_c1_s4,shuffled,1,4,250000,-0.0614117059821348
shuffled_c1_s4,shuffled,1,4,260000,-0.025156403835015665
shuffled_c1_s4,shuffled,1,4,270000,-0.020057248234044662
shuffled_c1_s4,shuffled,1,4,280000,-0.013704761039639695
shuffled_c1_s4,shuffled,1,4,290000,-0.07698854513176177
shuffled_c1_s4,shuffled,1,4,300000,-0.01899862267343756
shuffled_c1_s4,shuffled,1,4,310000,-0.05638617275954135
