run_id,arm,cost_bp,seed,timesteps,net_return,log_return,sharpe,turnover,mean_abs_exposure,frac_long,frac_short,wall_s,peak_rss_mb
forecast_c0_s0,forecast,0,0,300000,4.98333774385897,1.7889785634011104,3.392465613622955,0.25076580380162683,0.9786212420517821,0.5575557555755576,0.42124212421242124,95.1,670.9
forecast_c0_s1,forecast,0,1,300000,4.564442864692984,1.7163968655545623,3.380864625785933,0.3270026037366463,0.9070182806494235,0.5351535153515351,0.372037203720372,94.2,668.5
forecast_c0_s2,forecast,0,2,300000,2.663291088616218,1.2983619479110158,2.4824289508825146,0.3399084023449583,0.9579746654963672,0.6299629962996299,0.32813281328132815,95.0,666.1
forecast_c0_s3,forecast,0,3,300000,4.917002879415535,1.7778300503288031,3.5105005727409297,0.35750270598904865,0.8951203969199666,0.5071507150715071,0.38813881388138816,95.3,674.6
forecast_c0_s4,forecast,0,4,300000,4.903872132609835,1.775608429307852,3.711677447396854,0.3647949541082323,0.800393606416597,0.357035703570357,0.44354435443544354,96.0,673.8
forecast_c1_s0,forecast,1,0,300000,3.5228846236740674,1.509149981365148,2.8562047501510404,0.2158421295445054,0.9800440820964157,0.6148614861486149,0.3653365336533653,98.7,674.5
forecast_c1_s1,forecast,1,1,300000,1.9700393159556653,1.088575190422501,2.0919640573804723,0.1662216098660662,0.95089158631436,0.5935593559355936,0.3574357435743574,96.9,671.7
forecast_c1_s2,forecast,1,2,300000,4.48553931370172,1.7021154140898909,3.246670609517527,0.21462253079550125,0.9641290864974927,0.5651565156515651,0.39913991399139914,102.5,669.5
forecast_c1_s3,forecast,1,3,300000,4.015194190902466,1.612472142678671,3.1510378860859602,0.2065562135250766,0.9149255725389787,0.4673467346734673,0.44774477447744776,98.5,674.4
forecast_c1_s4,forecast,1,4,300000,3.2292990186055137,1.4420362626839442,2.7795134554827716,0.2947107734139041,0.9412365838154493,0.4227422742274227,0.5186518651865186,100.7,678.2
forecast_c5_s0,forecast,5,0,300000,2.692195645500731,1.306221306975686,2.4709615297715635,0.09206176621522655,0.9735494415262251,0.45074507450745077,0.5229522952295229,100.1,677.7
forecast_c5_s1,forecast,5,1,300000,1.1132522349439682,0.7482281044125081,1.4119519314605538,0.08833176808676352,0.980913639407239,0.5735573557355735,0.40744074407440745,96.7,674.5
forecast_c5_s2,forecast,5,2,300000,1.1319604249523225,0.7570419437262125,1.4160577873241749,0.1194070690259233,0.9995161050251727,0.6456645664566457,0.35393539353935394,96.9,677.2
forecast_c5_s3,forecast,5,3,300000,2.2645919720667593,1.1831347846484417,2.2179633366959868,0.05838202109104052,0.9970791807015029,0.6022602260226022,0.3949394939493949,97.9,680.8
forecast_c5_s4,forecast,5,4,300000,1.3302962277731254,0.8459953958797798,1.584518969440817,0.06869897197353825,0.9974113728357591,0.5284528452845284,0.46904690469046906,97.7,680.5
forecast_c10_s0,forecast,10,0,300000,1.2944914412380026,0.8305112247250719,1.5681479444920072,0.061425504275445894,0.9739006118135104,0.5471547154715471,0.42684268426842686,97.1,672.4
forecast_c10_s1,forecast,10,1,300000,2.1028178090484024,1.1323106692882128,2.130991987041482,0.06647377329635658,0.9830696850918863,0.5101510151015102,0.4730473047304731,97.0,677.5
forecast_c10_s2,forecast,10,2,300000,1.7163703767562646,0.999296568866076,1.8727547353107568,0.06421009075981464,0.9910858961492156,0.5583558355835584,0.43284328432843283,96.6,680.9
forecast_c10_s3,forecast,10,3,300000,1.2485479409175537,0.8102846482899904,1.545314402591734,0.06793175193331559,0.958886770072957,0.5636563656365636,0.39533953395339533,98.0,683.6
forecast_c10_s4,forecast,10,4,300000,0.8987020375901924,0.6411705146168079,1.2074064373540356,0.06520908328881778,0.9842197020381886,0.5411541154115411,0.44314431443144314,98.7,684.0
shuffled_c1_s0,shuffled,1,0,300000,-0.04398024425224189,-0.04497670113613893,-0.15577366833962386,0.22241270803451998,0.2984330841095825,0.2664266426642664,0.032003200320032,99.3,678.1
shuffled_c1_s1,shuffled,1,1,300000,-0.532502729224076,-0.7603617681828982,-1.440681383740632,0.34101619900678787,0.9760650650051315,0.37363736373637363,0.6023602360236023,95.7,681.2
shuffled_c1_s2,shuffled,1,2,300000,-0.4474023283088798,-0.5931250798728152,-1.1742251703181423,0.24023516595364897,0.8993101660878229,0.5976597659765976,0.30163016301630163,93.6,683.6
shuffled_c1_s3,shuffled,1,3,300000,-0.15604023789001986,-0.1696504607478216,-0.3434032781795763,0.17204234842429791,0.8465780484858946,0.7798779877987799,0.0667066706670667,94.2,678.8
shuffled_c1_s4,shuffled,1,4,300000,-0.12515902630544434,-0.1337131534911074,-0.3254712317304246,0.16593868953507984,0.5904762045843551,0.0,0.5904590459045904,95.2,686.6
zero_c1_s0,zero,1,0,300000,-0.3265681479404519,-0.3953684730180602,-0.8781952803527279,0.17976156946453034,0.7102208860654953,0.3558355835583558,0.35433543354335434,98.2,675.3
zero_c1_s1,zero,1,1,300000,0.07336719275520048,0.07080061643585907,0.13495100938027027,0.11273256040724788,0.9612048379498352,0.036403640364036406,0.9247924792479248,98.5,680.8
zero_c1_s2,zero,1,2,300000,-0.4135753684734339,-0.5337111246421966,-1.0172097520563135,0.1493196069116791,0.964868258006735,0.25642564256425643,0.7083708370837084,99.7,683.3
zero_c1_s3,zero,1,3,300000,0.07781416959877636,0.07493507321018457,0.2802567874541726,0.07921584462380633,0.2514291048182878,0.2514251425142514,0.0,100.7,686.5
zero_c1_s4,zero,1,4,300000,-0.5570309974289,-0.8142554830079289,-1.5398942041625805,0.1382043335220769,0.9793763967186138,0.3913391339133913,0.587958795879588,101.5,686.0
